Time_sec,Lat,Lon,Yaw_deg,North_m,East_m,Dist_to_Node_m,CrossTrackErr_m,Surge_Cmd,Yaw_Cmd_deg,Event
0.00,43.706629,10.475672,136.05,22.82,32.64,1.18,-0.58,0.00,45.00,
0.10,43.706629,10.475672,136.05,22.80,32.65,1.19,-0.60,0.00,45.00,
0.20,43.706629,10.475672,136.04,22.78,32.67,1.20,-0.63,0.00,45.00,
0.30,43.706628,10.475673,135.99,22.77,32.69,1.22,-0.65,0.00,45.00,
0.40,43.706628,10.475673,135.89,22.75,32.70,1.23,-0.67,0.00,45.00,
0.50,43.706628,10.475673,135.76,22.73,32.72,1.24,-0.69,0.00,45.00,
0.60,43.706628,10.475673,135.69,22.72,32.73,1.25,-0.72,0.00,45.00,
0.70,43.706628,10.475673,135.69,22.70,32.74,1.26,-0.74,0.00,45.00,
0.80,43.706628,10.475674,135.74,22.69,32.76,1.27,-0.76,0.00,45.00,
0.90,43.706628,10.475674,135.76,22.67,32.77,1.28,-0.78,0.00,45.00,
1.00,43.706627,10.475674,135.72,22.66,32.78,1.29,-0.79,0.00,45.00,
1.10,43.706627,10.475674,135.63,22.65,32.79,1.30,-0.81,0.00,45.00,
1.20,43.706627,10.475674,135.53,22.63,32.81,1.31,-0.83,0.00,45.00,
1.30,43.706627,10.475674,135.49,22.62,32.82,1.32,-0.85,0.00,45.00,
1.40,43.706627,10.475674,135.51,22.61,32.83,1.33,-0.86,0.00,45.00,
1.50,43.706627,10.475675,135.53,22.59,32.84,1.34,-0.88,0.00,45.00,
1.60,43.706627,10.475675,135.51,22.58,32.85,1.35,-0.90,0.00,45.00,
1.70,43.706627,10.475675,135.44,22.57,32.86,1.36,-0.91,0.00,45.00,
1.80,43.706627,10.475675,135.35,22.56,32.87,1.37,-0.92,0.00,45.00,
1.90,43.706627,10.475675,135.30,22.55,32.88,1.38,-0.94,0.00,45.00,
2.00,43.706626,10.475675,135.30,22.54,32.89,1.39,-0.95,0.00,45.00,
2.10,43.706626,10.475675,135.33,22.53,32.90,1.40,-0.96,0.00,45.00,
2.20,43.706626,10.475675,135.37,22.52,32.91,1.41,-0.98,0.00,45.00,
2.30,43.706626,10.475675,135.38,22.52,32.91,1.41,-0.99,0.00,45.00,
2.40,43.706626,10.475676,135.38,22.51,32.92,1.42,-1.00,0.00,45.00,
2.50,43.706626,10.475676,135.37,22.50,32.93,1.43,-1.01,0.00,45.00,
2.60,43.706626,10.475676,135.37,22.50,32.93,1.43,-1.02,0.00,45.00,
2.70,43.706626,10.475676,135.41,22.49,32.94,1.44,-1.02,0.00,45.00,
2.80,43.706626,10.475676,135.47,22.48,32.94,1.44,-1.03,0.00,45.00,
2.90,43.706626,10.475676,135.57,22.48,32.95,1.45,-1.04,0.00,45.00,
3.00,43.706626,10.475676,135.69,22.47,32.95,1.45,-1.05,0.00,45.00,
3.10,43.706626,10.475676,135.82,22.47,32.96,1.46,-1.05,0.00,45.00,
3.20,43.706626,10.475676,135.95,22.47,32.96,1.46,-1.06,0.00,45.00,
3.30,43.706626,10.475676,136.09,22.46,32.97,1.47,-1.06,0.00,45.00,
3.40,43.706626,10.475676,136.26,22.46,32.97,1.47,-1.07,0.00,45.00,
3.50,43.706626,10.475676,136.48,22.46,32.97,1.47,-1.07,0.00,45.00,
3.60,43.706626,10.475676,136.74,22.45,32.98,1.48,-1.08,0.00,45.00,
3.70,43.706626,10.475676,136.99,22.45,32.98,1.48,-1.08,0.00,45.00,
3.80,43.706626,10.475676,137.20,22.45,32.98,1.48,-1.08,0.00,45.00,
3.90,43.706626,10.475676,137.36,22.45,32.99,1.49,-1.09,0.00,45.00,
4.00,43.706626,10.475676,137.48,22.45,32.99,1.49,-1.09,0.00,45.00,
4.10,43.706626,10.475676,137.58,22.45,32.99,1.49,-1.09,0.00,45.00,
4.20,43.706626,10.475676,137.69,22.44,32.99,1.49,-1.09,0.00,45.00,
4.30,43.706626,10.475676,137.77,22.44,32.99,1.49,-1.09,0.00,45.00,
4.40,43.706626,10.475676,137.80,22.44,32.99,1.49,-1.09,0.00,45.00,
4.50,43.706626,10.475676,137.75,22.44,32.99,1.49,-1.09,0.00,45.00,
4.60,43.706626,10.475676,137.63,22.44,32.99,1.49,-1.09,0.00,45.00,
4.70,43.706626,10.475676,137.47,22.44,32.99,1.49,-1.09,0.00,45.00,
4.80,43.706626,10.475676,137.31,22.44,32.99,1.49,-1.09,0.00,45.00,
4.90,43.706626,10.475676,137.16,22.44,32.99,1.49,-1.09,0.00,45.00,
5.10,43.706626,10.475676,136.87,22.44,32.98,1.48,-1.09,0.00,45.00,
5.10,43.706626,10.475676,136.87,22.44,32.98,1.48,-1.09,0.00,45.00,
5.20,43.706626,10.475676,136.73,22.44,32.98,1.48,-1.09,0.00,45.00,
5.30,43.706626,10.475676,136.58,22.44,32.98,1.48,-1.09,0.00,45.00,
5.40,43.706626,10.475676,136.44,22.44,32.98,1.48,-1.09,0.00,45.00,
5.50,43.706626,10.475676,136.29,22.44,32.98,1.48,-1.09,0.00,45.00,
5.60,43.706626,10.475676,136.16,22.44,32.98,1.48,-1.09,0.00,45.00,
5.70,43.706626,10.475676,136.03,22.44,32.98,1.48,-1.08,0.00,45.00,
5.80,43.706626,10.475676,135.90,22.44,32.97,1.47,-1.08,0.00,45.00,
5.90,43.706626,10.475676,135.76,22.44,32.97,1.47,-1.08,0.00,45.00,
6.00,43.706626,10.475676,135.59,22.45,32.97,1.47,-1.08,0.00,45.00,
6.10,43.706626,10.475676,135.39,22.45,32.97,1.47,-1.07,0.00,45.00,
6.20,43.706626,10.475676,135.16,22.45,32.97,1.47,-1.07,0.00,45.00,
6.30,43.706626,10.475676,134.88,22.46,32.97,1.47,-1.07,0.00,45.00,
6.40,43.706626,10.475676,134.56,22.46,32.96,1.47,-1.06,0.00,45.00,
6.50,43.706626,10.475676,134.19,22.46,32.96,1.46,-1.06,0.00,45.00,
6.60,43.706626,10.475676,133.79,22.46,32.96,1.46,-1.06,0.00,45.00,
6.70,43.706626,10.475676,133.35,22.46,32.96,1.46,-1.06,0.00,45.00,
6.80,43.706626,10.475676,132.88,22.46,32.95,1.45,-1.06,0.00,45.00,
6.90,43.706626,10.475676,132.34,22.46,32.95,1.45,-1.05,0.00,45.00,
7.00,43.706626,10.475676,131.72,22.46,32.95,1.45,-1.05,0.00,45.00,
7.10,43.706626,10.475676,130.99,22.46,32.95,1.45,-1.05,0.00,45.00,
7.20,43.706626,10.475676,130.16,22.46,32.95,1.45,-1.05,0.00,45.00,
7.30,43.706626,10.475676,129.24,22.46,32.95,1.45,-1.05,0.00,45.00,
7.40,43.706626,10.475676,128.24,22.46,32.95,1.45,-1.05,0.00,45.00,
7.50,43.706626,10.475676,127.16,22.47,32.95,1.45,-1.05,0.00,45.00,
7.60,43.706626,10.475676,125.98,22.47,32.95,1.45,-1.05,0.00,45.00,
7.70,43.706626,10.475676,124.69,22.47,32.95,1.45,-1.04,0.00,45.00,
7.80,43.706626,10.475676,123.27,22.47,32.95,1.45,-1.04,0.00,45.00,
7.90,43.706626,10.475676,121.79,22.47,32.94,1.45,-1.04,0.00,45.00,
8.00,43.706626,10.475676,120.27,22.47,32.94,1.44,-1.04,0.00,45.00,
8.10,43.706626,10.475676,118.69,22.47,32.94,1.44,-1.04,0.00,45.00,
8.20,43.706626,10.475676,117.02,22.47,32.94,1.44,-1.04,0.00,45.00,
8.30,43.706626,10.475676,115.25,22.47,32.94,1.45,-1.04,0.00,45.00,
8.40,43.706626,10.475676,113.42,22.48,32.95,1.45,-1.04,0.00,45.00,
8.50,43.706626,10.475676,111.56,22.48,32.95,1.45,-1.04,0.00,45.00,
8.60,43.706626,10.475676,109.66,22.48,32.95,1.45,-1.04,0.00,45.00,
8.70,43.706626,10.475676,107.73,22.48,32.94,1.44,-1.04,0.00,45.00,
8.80,43.706626,10.475676,105.78,22.48,32.94,1.44,-1.03,0.00,45.00,
8.90,43.706626,10.475676,103.85,22.49,32.94,1.44,-1.03,0.00,45.00,
9.00,43.706626,10.475676,101.97,22.49,32.94,1.44,-1.03,0.00,45.00,
9.10,43.706626,10.475676,100.11,22.49,32.94,1.44,-1.03,0.00,45.00,
9.20,43.706626,10.475676,98.21,22.49,32.94,1.44,-1.03,0.00,45.00,
9.30,43.706626,10.475676,96.24,22.49,32.94,1.44,-1.02,0.00,45.00,
9.40,43.706626,10.475676,94.25,22.50,32.94,1.44,-1.02,0.00,45.00,
9.50,43.706626,10.475676,92.27,22.50,32.94,1.44,-1.02,0.00,45.00,
9.60,43.706626,10.475676,90.35,22.50,32.94,1.44,-1.01,0.00,45.00,
9.70,43.706626,10.475676,88.53,22.51,32.94,1.44,-1.01,0.00,45.00,
9.80,43.706626,10.475676,86.76,22.51,32.94,1.44,-1.01,0.00,45.00,
9.90,43.706626,10.475676,84.99,22.51,32.93,1.43,-1.00,0.00,45.00,
10.00,43.706626,10.475676,83.22,22.52,32.93,1.43,-1.00,0.00,45.00,
10.10,43.706626,10.475676,81.41,22.52,32.93,1.43,-1.00,0.00,45.00,
10.20,43.706626,10.475676,79.63,22.52,32.93,1.43,-1.00,0.00,45.00,
10.30,43.706626,10.475676,77.92,22.52,32.93,1.43,-1.00,0.00,45.00,
10.40,43.706626,10.475676,76.27,22.52,32.93,1.43,-1.00,0.00,45.00,
10.50,43.706626,10.475676,74.65,22.53,32.93,1.43,-0.99,0.00,-45.00,
10.60,43.706626,10.475676,73.05,22.53,32.93,1.43,-0.99,0.00,-45.00,
10.70,43.706626,10.475676,71.50,22.54,32.93,1.43,-0.99,0.00,-45.00,
10.80,43.706626,10.475676,70.04,22.54,32.93,1.43,-0.99,0.00,-45.00,
10.90,43.706626,10.475676,68.63,22.54,32.93,1.44,-0.98,0.00,-45.00,
11.00,43.706626,10.475676,67.27,22.54,32.94,1.44,-0.98,0.00,-45.00,
11.10,43.706626,10.475676,65.91,22.55,32.94,1.44,-0.98,0.00,-45.00,
11.20,43.706627,10.475676,64.62,22.55,32.94,1.44,-0.98,0.00,-45.00,
11.30,43.706627,10.475676,63.44,22.55,32.94,1.44,-0.98,0.00,-45.00,
11.40,43.706627,10.475676,62.38,22.55,32.94,1.44,-0.98,0.00,-45.00,
11.50,43.706627,10.475676,61.39,22.56,32.94,1.44,-0.98,0.00,-45.00,
11.60,43.706627,10.475676,60.44,22.56,32.94,1.44,-0.97,0.00,-45.00,
11.70,43.706627,10.475676,59.48,22.56,32.94,1.44,-0.97,0.00,-45.00,
11.80,43.706627,10.475676,58.55,22.56,32.94,1.44,-0.97,0.00,-45.00,
11.90,43.706627,10.475676,57.64,22.56,32.94,1.44,-0.98,0.00,-45.00,
12.00,43.706627,10.475676,56.77,22.57,32.94,1.44,-0.97,0.00,-45.00,
12.10,43.706627,10.475676,55.97,22.57,32.94,1.44,-0.97,0.00,-45.00,
12.20,43.706627,10.475676,55.24,22.57,32.94,1.45,-0.97,0.00,-45.00,
12.30,43.706627,10.475676,54.63,22.57,32.94,1.45,-0.97,0.00,-45.00,
12.40,43.706627,10.475676,54.06,22.57,32.94,1.45,-0.97,0.00,-45.00,
12.50,43.706627,10.475676,53.54,22.57,32.94,1.45,-0.97,0.00,-45.00,
12.60,43.706627,10.475676,53.09,22.58,32.94,1.44,-0.97,0.00,-45.00,
12.70,43.706627,10.475676,52.69,22.57,32.94,1.44,-0.97,0.00,-45.00,
12.80,43.706627,10.475676,52.36,22.57,32.94,1.44,-0.97,0.00,-45.00,
12.90,43.706627,10.475676,52.14,22.58,32.94,1.44,-0.97,0.00,-45.00,
13.00,43.706627,10.475676,51.97,22.57,32.94,1.44,-0.97,0.00,-45.00,
13.10,43.706627,10.475676,51.82,22.57,32.94,1.44,-0.97,0.00,-45.00,
13.20,43.706627,10.475676,51.65,22.58,32.94,1.44,-0.96,0.00,-45.00,
13.30,43.706627,10.475676,51.45,22.57,32.94,1.44,-0.97,0.00,-45.00,
13.40,43.706627,10.475676,51.28,22.57,32.94,1.44,-0.97,0.00,-45.00,
13.50,43.706627,10.475676,51.14,22.57,32.94,1.44,-0.97,0.00,-45.00,
13.60,43.706627,10.475676,51.02,22.57,32.94,1.44,-0.97,0.00,-45.00,
13.70,43.706627,10.475676,50.90,22.57,32.94,1.44,-0.97,0.00,-45.00,
13.80,43.706627,10.475676,50.76,22.57,32.94,1.44,-0.97,0.00,-45.00,
13.90,43.706627,10.475676,50.63,22.57,32.94,1.44,-0.97,0.00,-45.00,
14.00,43.706627,10.475676,50.50,22.57,32.95,1.45,-0.97,0.00,-45.00,
14.10,43.706627,10.475676,50.37,22.57,32.95,1.45,-0.97,0.00,-45.00,
14.20,43.706627,10.475676,50.24,22.57,32.95,1.45,-0.97,0.00,-45.00,
14.30,43.706627,10.475676,50.08,22.57,32.95,1.45,-0.98,0.00,-45.00,
14.40,43.706627,10.475676,49.87,22.57,32.95,1.45,-0.98,0.00,-45.00,
14.50,43.706627,10.475676,49.68,22.57,32.95,1.46,-0.98,0.00,-45.00,
14.60,43.706627,10.475676,49.53,22.57,32.96,1.46,-0.98,0.00,-45.00,
14.70,43.706627,10.475676,49.46,22.57,32.96,1.46,-0.98,0.00,-45.00,
14.80,43.706627,10.475676,49.40,22.57,32.96,1.46,-0.98,0.00,-45.00,
14.90,43.706627,10.475676,49.31,22.57,32.96,1.46,-0.98,0.00,-45.00,
15.00,43.706627,10.475676,49.18,22.57,32.96,1.46,-0.98,0.00,-45.00,
15.10,43.706627,10.475676,49.02,22.57,32.96,1.46,-0.99,0.00,-45.00,
15.20,43.706627,10.475676,48.92,22.57,32.96,1.46,-0.99,0.00,-45.00,
15.30,43.706627,10.475676,48.90,22.56,32.96,1.46,-0.99,0.00,-45.00,
15.40,43.706627,10.475676,48.95,22.56,32.96,1.46,-0.99,0.00,-45.00,
15.50,43.706627,10.475676,49.05,22.56,32.96,1.47,-0.99,0.00,-45.00,
15.60,43.706627,10.475676,49.13,22.56,32.96,1.46,-0.99,0.00,-45.00,
15.70,43.706627,10.475676,49.15,22.56,32.97,1.47,-0.99,0.00,-45.00,
15.80,43.706627,10.475676,49.13,22.56,32.97,1.47,-0.99,0.00,-45.00,
15.90,43.706627,10.475676,49.09,22.56,32.97,1.47,-1.00,0.00,-45.00,
16.00,43.706627,10.475676,49.11,22.56,32.98,1.48,-1.00,0.00,-45.00,
16.10,43.706627,10.475676,49.19,22.56,32.98,1.48,-1.00,0.00,-45.00,
16.20,43.706627,10.475676,49.31,22.56,32.98,1.49,-1.00,0.00,-45.00,
16.30,43.706627,10.475676,49.42,22.57,32.99,1.49,-1.01,0.00,-45.00,
16.40,43.706627,10.475676,49.47,22.57,32.99,1.50,-1.01,0.00,-45.00,
16.50,43.706627,10.475677,49.43,22.57,33.00,1.50,-1.02,0.00,-45.00,
16.60,43.706627,10.475677,49.36,22.57,33.01,1.51,-1.02,0.00,-45.00,
16.70,43.706627,10.475677,49.31,22.57,33.01,1.51,-1.02,0.00,-45.00,
16.80,43.706627,10.475677,49.33,22.57,33.02,1.52,-1.02,0.00,-45.00,
16.90,43.706627,10.475677,49.39,22.57,33.02,1.53,-1.03,0.00,-45.00,
17.00,43.706627,10.475677,49.45,22.58,33.03,1.53,-1.03,0.00,-45.00,
17.10,43.706627,10.475677,49.48,22.58,33.04,1.54,-1.03,0.00,-45.00,
17.20,43.706627,10.475677,49.45,22.58,33.04,1.54,-1.03,0.00,-45.00,
17.30,43.706627,10.475677,49.38,22.59,33.05,1.55,-1.03,0.00,-45.00,
17.40,43.706627,10.475677,49.34,22.59,33.06,1.56,-1.04,0.00,-45.00,
17.50,43.706627,10.475677,49.31,22.59,33.06,1.57,-1.04,0.00,-45.00,
17.60,43.706627,10.475677,49.36,22.59,33.07,1.58,-1.05,0.00,-45.00,
17.70,43.706627,10.475678,49.44,22.60,33.08,1.58,-1.04,0.00,-45.00,
17.80,43.706627,10.475678,49.52,22.60,33.09,1.59,-1.05,0.00,-45.00,
17.90,43.706627,10.475678,49.57,22.61,33.09,1.60,-1.05,0.00,-45.00,
18.00,43.706627,10.475678,49.57,22.61,33.10,1.60,-1.05,0.00,-45.00,
18.10,43.706627,10.475678,49.55,22.61,33.11,1.61,-1.06,0.00,-45.00,
18.20,43.706627,10.475678,49.53,22.62,33.11,1.62,-1.06,0.00,-45.00,
18.30,43.706627,10.475678,49.52,22.62,33.12,1.63,-1.06,0.00,-45.00,
18.40,43.706627,10.475678,49.53,22.62,33.13,1.63,-1.07,0.00,-45.00,
18.50,43.706627,10.475678,49.53,22.63,33.14,1.64,-1.07,0.00,-45.00,
18.60,43.706627,10.475678,49.48,22.63,33.14,1.65,-1.07,0.00,-45.00,
18.70,43.706627,10.475678,49.42,22.63,33.15,1.65,-1.07,0.00,-45.00,
18.80,43.706627,10.475678,49.35,22.63,33.16,1.66,-1.08,0.00,-45.00,
18.90,43.706627,10.475679,49.32,22.64,33.16,1.67,-1.07,0.00,-45.00,
19.00,43.706627,10.475679,49.35,22.64,33.17,1.67,-1.08,0.00,-45.00,
19.10,43.706627,10.475679,49.38,22.65,33.17,1.68,-1.08,0.00,-45.00,
19.20,43.706627,10.475679,49.39,22.65,33.18,1.68,-1.08,0.00,-45.00,
19.30,43.706627,10.475679,49.34,22.65,33.18,1.69,-1.08,0.00,-45.00,
19.40,43.706627,10.475679,49.24,22.65,33.19,1.69,-1.09,0.00,-45.00,
19.50,43.706627,10.475679,49.17,22.66,33.19,1.70,-1.08,0.00,-45.00,
19.60,43.706627,10.475679,49.14,22.66,33.20,1.70,-1.09,0.00,-45.00,
19.70,43.706628,10.475679,49.15,22.66,33.20,1.71,-1.09,0.00,-45.00,
19.80,43.706628,10.475679,49.18,22.66,33.21,1.71,-1.09,0.00,-45.00,
19.90,43.706628,10.475679,49.18,22.66,33.21,1.72,-1.09,0.00,-45.00,
20.00,43.706628,10.475679,49.15,22.67,33.21,1.72,-1.09,0.00,-45.00,
20.10,43.706628,10.475679,49.10,22.67,33.22,1.72,-1.09,0.00,-45.00,
20.20,43.706628,10.475679,49.04,22.67,33.22,1.73,-1.09,0.00,-45.00,
20.30,43.706628,10.475679,49.02,22.67,33.22,1.73,-1.10,0.00,-45.00,
20.40,43.706628,10.475679,48.99,22.67,33.23,1.73,-1.10,0.00,-45.00,
20.50,43.706628,10.475679,48.98,22.68,33.23,1.74,-1.09,0.00,-45.00,
20.60,43.706628,10.475679,48.98,22.68,33.23,1.74,-1.09,0.00,-45.00,
20.70,43.706628,10.475679,48.98,22.68,33.23,1.74,-1.09,0.00,-45.00,
20.80,43.706628,10.475679,48.99,22.69,33.23,1.74,-1.09,0.00,-45.00,
20.90,43.706628,10.475679,49.03,22.69,33.24,1.75,-1.10,0.00,-45.00,
21.00,43.706628,10.475679,49.10,22.69,33.24,1.75,-1.10,0.00,-45.00,
21.10,43.706628,10.475680,49.17,22.69,33.24,1.75,-1.10,0.00,-45.00,
21.20,43.706628,10.475680,49.22,22.69,33.24,1.75,-1.10,0.00,-45.00,
21.30,43.706628,10.475680,49.27,22.69,33.24,1.75,-1.10,0.00,-45.00,
21.40,43.706628,10.475680,49.31,22.69,33.24,1.75,-1.10,0.00,-45.00,
21.50,43.706628,10.475680,49.35,22.69,33.24,1.75,-1.10,0.00,-45.00,
21.60,43.706628,10.475680,49.39,22.69,33.25,1.76,-1.10,0.00,-45.00,
21.70,43.706628,10.475680,49.43,22.69,33.25,1.76,-1.10,0.00,-45.00,
21.80,43.706628,10.475680,49.47,22.69,33.25,1.76,-1.10,0.00,-45.00,
21.90,43.706628,10.475680,49.49,22.70,33.24,1.76,-1.09,0.00,-45.00,
22.00,43.706628,10.475680,49.48,22.70,33.24,1.76,-1.09,0.00,-45.00,
22.10,43.706628,10.475680,49.46,22.70,33.24,1.76,-1.09,0.00,-45.00,
22.20,43.706628,10.475680,49.42,22.70,33.25,1.76,-1.09,0.00,-45.00,
22.30,43.706628,10.475680,49.38,22.70,33.25,1.76,-1.09,0.00,-45.00,
22.40,43.706628,10.475680,49.40,22.70,33.25,1.76,-1.09,0.00,-45.00,
22.50,43.706628,10.475680,49.44,22.70,33.24,1.76,-1.09,0.00,-45.00,
22.60,43.706628,10.475680,49.49,22.70,33.24,1.76,-1.09,0.00,-45.00,
22.70,43.706628,10.475680,49.49,22.70,33.24,1.76,-1.09,0.00,-45.00,
22.80,43.706628,10.475680,49.38,22.70,33.25,1.76,-1.09,0.00,-45.00,
22.90,43.706628,10.475680,49.24,22.71,33.25,1.76,-1.09,0.00,-45.00,
23.00,43.706628,10.475680,49.15,22.71,33.25,1.76,-1.09,0.00,-45.00,
23.10,43.706628,10.475680,49.16,22.71,33.25,1.76,-1.09,0.00,-45.00,
23.20,43.706628,10.475680,49.26,22.71,33.24,1.76,-1.08,0.00,-45.00,
23.30,43.706628,10.475680,49.34,22.72,33.24,1.76,-1.08,0.00,-45.00,
23.40,43.706628,10.475680,49.33,22.72,33.24,1.75,-1.08,0.00,-45.00,
23.50,43.706628,10.475680,49.23,22.72,33.24,1.76,-1.08,0.00,-45.00,
23.60,43.706628,10.475680,49.10,22.71,33.24,1.76,-1.08,0.00,-45.00,
23.70,43.706628,10.475680,49.06,22.71,33.24,1.76,-1.08,0.00,-45.00,
23.80,43.706628,10.475680,49.13,22.71,33.25,1.76,-1.09,0.00,-45.00,
23.90,43.706628,10.475680,49.23,22.71,33.24,1.76,-1.08,0.00,-45.00,
24.00,43.706628,10.475680,49.32,22.72,33.24,1.76,-1.08,0.00,-45.00,
24.10,43.706628,10.475680,49.30,22.72,33.24,1.75,-1.08,0.00,-45.00,
24.20,43.706628,10.475680,49.19,22.72,33.24,1.75,-1.07,0.00,-45.00,
24.30,43.706628,10.475680,49.06,22.72,33.24,1.75,-1.07,0.00,-45.00,
24.40,43.706628,10.475680,48.97,22.72,33.24,1.75,-1.07,0.00,-45.00,
24.50,43.706628,10.475680,48.98,22.73,33.24,1.75,-1.07,0.00,-45.00,
24.60,43.706628,10.475679,49.08,22.73,33.24,1.75,-1.07,0.00,-45.00,
24.70,43.706628,10.475679,49.18,22.73,33.23,1.75,-1.06,0.00,-45.00,
24.80,43.706628,10.475679,49.25,22.73,33.23,1.75,-1.06,0.00,-45.00,
24.90,43.706628,10.475679,49.25,22.73,33.23,1.75,-1.06,0.00,-45.00,
25.00,43.706628,10.475679,49.19,22.73,33.23,1.75,-1.06,0.00,-45.00,
25.10,43.706628,10.475679,49.13,22.73,33.23,1.75,-1.06,0.00,-45.00,
25.20,43.706628,10.475679,49.09,22.73,33.23,1.75,-1.06,0.00,-45.00,
25.30,43.706628,10.475679,49.13,22.73,33.23,1.74,-1.06,0.00,-45.00,
25.40,43.706628,10.475679,49.20,22.73,33.23,1.74,-1.06,0.00,-45.00,
25.50,43.706628,10.475679,49.27,22.73,33.22,1.74,-1.05,0.00,-45.00,
25.60,43.706628,10.475679,49.30,22.73,33.22,1.74,-1.05,0.00,-45.00,
25.70,43.706628,10.475679,49.25,22.73,33.22,1.73,-1.05,0.00,-45.00,
25.80,43.706628,10.475679,49.18,22.74,33.22,1.73,-1.05,0.00,-45.00,
25.90,43.706628,10.475679,49.12,22.74,33.22,1.73,-1.05,0.00,-45.00,
26.00,43.706628,10.475679,49.08,22.74,33.21,1.73,-1.04,0.00,-45.00,
26.10,43.706628,10.475679,49.09,22.74,33.21,1.73,-1.04,0.00,-45.00,
26.20,43.706628,10.475679,49.12,22.74,33.21,1.73,-1.04,0.00,-45.00,
26.30,43.706628,10.475679,49.18,22.74,33.21,1.73,-1.04,0.00,-45.00,
26.40,43.706628,10.475679,49.23,22.74,33.21,1.72,-1.04,0.00,-45.00,
26.50,43.706628,10.475679,49.25,22.74,33.21,1.72,-1.04,0.00,-45.00,
26.60,43.706628,10.475679,49.24,22.73,33.21,1.72,-1.04,0.00,-45.00,
26.70,43.706628,10.475679,49.21,22.74,33.20,1.72,-1.04,0.00,-45.00,
26.80,43.706628,10.475679,49.17,22.74,33.20,1.72,-1.04,0.00,-45.00,
26.90,43.706628,10.475679,49.18,22.74,33.20,1.72,-1.03,0.00,-45.00,
27.00,43.706628,10.475679,49.22,22.74,33.20,1.71,-1.03,0.00,-45.00,
27.10,43.706628,10.475679,49.28,22.74,33.19,1.71,-1.03,0.00,-45.00,
27.20,43.706628,10.475679,49.31,22.75,33.19,1.71,-1.02,0.00,-45.00,
27.30,43.706628,10.475679,49.26,22.75,33.19,1.70,-1.02,0.00,-45.00,
27.40,43.706628,10.475679,49.18,22.75,33.19,1.70,-1.02,0.00,-45.00,
27.50,43.706628,10.475679,49.10,22.75,33.19,1.70,-1.02,0.00,-45.00,
27.60,43.706628,10.475679,49.03,22.75,33.18,1.70,-1.01,0.00,-45.00,
27.70,43.706628,10.475679,49.04,22.75,33.18,1.70,-1.01,0.00,-45.00,
27.80,43.706628,10.475679,49.06,22.75,33.18,1.70,-1.01,0.00,-45.00,
27.90,43.706628,10.475679,49.08,22.75,33.18,1.70,-1.01,0.00,-45.00,
28.00,43.706628,10.475679,49.05,22.75,33.18,1.70,-1.01,0.00,-45.00,
28.10,43.706628,10.475679,48.93,22.75,33.17,1.69,-1.01,0.00,-45.00,
28.20,43.706628,10.475679,48.79,22.75,33.17,1.69,-1.01,0.00,-45.00,
28.30,43.706628,10.475679,48.68,22.75,33.17,1.69,-1.00,0.00,-45.00,
28.40,43.706628,10.475679,48.65,22.75,33.17,1.69,-1.00,0.00,-45.00,
28.50,43.706628,10.475679,48.67,22.75,33.16,1.68,-1.00,0.00,-45.00,
28.60,43.706628,10.475679,48.72,22.75,33.16,1.68,-0.99,0.00,-45.00,
28.70,43.706628,10.475678,48.74,22.76,33.15,1.67,-0.99,0.00,-45.00,
28.80,43.706628,10.475678,48.72,22.76,33.15,1.67,-0.99,0.00,-45.00,
28.90,43.706628,10.475678,48.69,22.76,33.15,1.67,-0.98,0.00,-45.00,
29.00,43.706628,10.475678,48.71,22.76,33.15,1.67,-0.98,0.00,-45.00,
29.10,43.706628,10.475678,48.79,22.76,33.15,1.67,-0.98,0.00,-45.00,
29.20,43.706628,10.475678,48.92,22.76,33.14,1.66,-0.98,0.00,-45.00,
29.30,43.706628,10.475678,49.05,22.76,33.14,1.66,-0.97,0.00,-45.00,
29.40,43.706628,10.475678,49.15,22.76,33.14,1.66,-0.97,0.00,-45.00,
29.50,43.706628,10.475678,49.25,22.76,33.14,1.66,-0.97,0.00,-45.00,
29.60,43.706628,10.475678,49.32,22.76,33.14,1.66,-0.97,0.00,-45.00,
29.70,43.706628,10.475678,49.40,22.76,33.13,1.66,-0.97,0.00,-45.00,
29.80,43.706628,10.475678,49.51,22.76,33.13,1.65,-0.97,0.00,-45.00,
29.90,43.706628,10.475678,49.62,22.76,33.13,1.65,-0.97,0.00,-45.00,
30.00,43.706628,10.475678,49.70,22.77,33.13,1.65,-0.96,0.00,-45.00,
30.10,43.706628,10.475678,49.75,22.77,33.13,1.65,-0.96,0.00,-45.00,
30.20,43.706628,10.475678,49.76,22.77,33.13,1.65,-0.96,0.00,-45.00,
30.30,43.706629,10.475678,49.78,22.77,33.12,1.65,-0.95,0.00,-45.00,
30.40,43.706629,10.475678,49.82,22.78,33.12,1.65,-0.95,0.00,-45.00,
30.50,43.706629,10.475678,49.86,22.78,33.12,1.65,-0.95,0.00,-45.00,
30.60,43.706629,10.475678,49.92,22.78,33.12,1.64,-0.95,0.00,-45.00,
30.70,43.706629,10.475678,49.93,22.78,33.12,1.64,-0.95,0.00,-45.00,
30.80,43.706629,10.475678,49.92,22.78,33.12,1.64,-0.94,0.00,-45.00,
30.90,43.706629,10.475678,49.89,22.78,33.12,1.64,-0.94,0.00,-45.00,
31.00,43.706629,10.475678,49.88,22.78,33.12,1.64,-0.94,0.00,-45.00,
31.10,43.706629,10.475678,49.91,22.78,33.12,1.64,-0.94,0.00,-45.00,
31.20,43.706629,10.475678,49.95,22.79,33.12,1.64,-0.94,0.00,-45.00,
31.30,43.706629,10.475678,50.01,22.79,33.12,1.64,-0.94,0.00,-45.00,
31.40,43.706629,10.475678,50.04,22.79,33.12,1.64,-0.94,0.00,-45.00,
31.50,43.706629,10.475678,50.04,22.79,33.11,1.64,-0.94,0.00,-45.00,
31.60,43.706629,10.475678,50.02,22.79,33.11,1.64,-0.94,0.00,-45.00,
31.70,43.706629,10.475678,50.00,22.79,33.11,1.63,-0.93,0.00,-45.00,
31.80,43.706629,10.475678,49.97,22.79,33.11,1.63,-0.93,0.00,-45.00,
31.90,43.706629,10.475678,49.94,22.79,33.10,1.63,-0.93,0.00,-45.00,
32.00,43.706629,10.475678,49.90,22.79,33.10,1.63,-0.93,0.00,-45.00,
32.10,43.706629,10.475678,49.88,22.79,33.10,1.63,-0.93,0.00,-45.00,
32.20,43.706629,10.475678,49.88,22.79,33.10,1.63,-0.92,0.00,-45.00,
32.30,43.706629,10.475678,49.87,22.79,33.10,1.63,-0.92,0.00,-45.00,
32.40,43.706629,10.475678,49.81,22.80,33.10,1.63,-0.92,0.00,-45.00,
32.50,43.706629,10.475678,49.70,22.80,33.10,1.63,-0.92,0.00,-45.00,
32.60,43.706629,10.475678,49.56,22.80,33.10,1.62,-0.92,0.00,-45.00,
32.70,43.706629,10.475678,49.44,22.79,33.10,1.62,-0.92,0.00,-45.00,
32.80,43.706629,10.475678,49.37,22.80,33.10,1.62,-0.92,0.00,-45.00,
32.90,43.706629,10.475678,49.33,22.80,33.09,1.62,-0.92,0.00,-45.00,
33.00,43.706629,10.475678,49.31,22.79,33.09,1.62,-0.92,0.00,-45.00,
33.10,43.706629,10.475678,49.28,22.79,33.09,1.62,-0.92,0.00,-45.00,
33.20,43.706629,10.475678,49.25,22.80,33.09,1.61,-0.91,0.00,-45.00,
33.30,43.706629,10.475678,49.22,22.79,33.08,1.61,-0.91,0.00,-45.00,
33.40,43.706629,10.475678,49.20,22.79,33.08,1.61,-0.91,0.00,-45.00,
33.50,43.706629,10.475678,49.22,22.80,33.08,1.61,-0.91,0.00,-45.00,
33.60,43.706629,10.475677,49.27,22.80,33.08,1.60,-0.90,0.00,-45.00,
33.70,43.706629,10.475677,49.38,22.80,33.07,1.60,-0.90,0.00,-45.00,
33.80,43.706629,10.475677,49.51,22.80,33.07,1.60,-0.90,0.00,-45.00,
33.90,43.706629,10.475677,49.64,22.80,33.07,1.59,-0.90,0.00,-45.00,
34.00,43.706629,10.475677,49.74,22.80,33.06,1.59,-0.90,0.00,-45.00,
34.10,43.706629,10.475677,49.82,22.80,33.06,1.59,-0.90,0.00,-45.00,
34.20,43.706629,10.475677,49.91,22.79,33.06,1.59,-0.90,0.00,-45.00,
34.30,43.706629,10.475677,50.05,22.79,33.06,1.59,-0.90,0.00,-45.00,
34.40,43.706629,10.475677,50.17,22.79,33.06,1.58,-0.89,0.00,-45.00,
34.50,43.706629,10.475677,50.27,22.79,33.05,1.58,-0.89,0.00,-45.00,
34.60,43.706629,10.475677,50.32,22.79,33.05,1.58,-0.89,0.00,-45.00,
34.70,43.706629,10.475677,50.33,22.79,33.05,1.57,-0.89,0.00,-45.00,
34.80,43.706629,10.475677,50.35,22.79,33.05,1.57,-0.89,0.00,-45.00,
34.90,43.706629,10.475677,50.38,22.79,33.04,1.57,-0.88,0.00,-45.00,
35.00,43.706629,10.475677,50.43,22.79,33.04,1.57,-0.88,0.00,-45.00,
35.10,43.706629,10.475677,50.47,22.79,33.04,1.56,-0.88,0.00,-45.00,
35.20,43.706629,10.475677,50.49,22.79,33.03,1.56,-0.88,0.00,-45.00,
35.30,43.706629,10.475677,50.51,22.79,33.03,1.56,-0.88,0.00,-45.00,
35.40,43.706629,10.475677,50.55,22.79,33.03,1.56,-0.88,0.00,-45.00,
35.50,43.706629,10.475677,50.57,22.79,33.03,1.56,-0.87,0.00,-45.00,
35.60,43.706629,10.475677,50.57,22.79,33.03,1.55,-0.87,0.00,-45.00,
35.70,43.706629,10.475677,50.53,22.79,33.02,1.55,-0.87,0.00,-45.00,
35.80,43.706629,10.475677,50.48,22.79,33.02,1.55,-0.87,0.00,-45.00,
35.90,43.706629,10.475677,50.45,22.79,33.02,1.55,-0.87,0.00,-45.00,
36.00,43.706629,10.475677,50.44,22.79,33.02,1.54,-0.87,0.00,-45.00,
36.10,43.706629,10.475677,50.44,22.79,33.01,1.54,-0.86,0.00,-45.00,
36.20,43.706629,10.475677,50.43,22.79,33.01,1.54,-0.86,0.00,-45.00,
36.30,43.706629,10.475677,50.38,22.79,33.01,1.53,-0.86,0.00,-45.00,
36.40,43.706629,10.475677,50.33,22.79,33.00,1.53,-0.86,0.00,-45.00,
36.50,43.706629,10.475677,50.28,22.79,33.00,1.53,-0.85,0.00,-45.00,
36.60,43.706629,10.475677,50.26,22.79,33.00,1.52,-0.85,0.00,-45.00,
36.70,43.706629,10.475676,50.25,22.79,32.99,1.52,-0.85,0.00,-45.00,
36.80,43.706629,10.475676,50.25,22.79,32.99,1.52,-0.85,0.00,-45.00,
36.90,43.706629,10.475676,50.25,22.79,32.99,1.52,-0.84,0.00,-45.00,
37.00,43.706629,10.475676,50.24,22.79,32.98,1.51,-0.84,0.00,-45.00,
37.10,43.706629,10.475676,50.20,22.79,32.98,1.51,-0.84,0.00,-45.00,
37.20,43.706629,10.475676,50.15,22.79,32.98,1.51,-0.84,0.00,-45.00,
37.30,43.706629,10.475676,50.10,22.79,32.97,1.50,-0.84,0.00,-45.00,
37.40,43.706629,10.475676,50.08,22.79,32.97,1.50,-0.83,0.00,-45.00,
37.50,43.706629,10.475676,50.08,22.80,32.97,1.50,-0.83,0.00,-45.00,
37.60,43.706629,10.475676,50.10,22.80,32.96,1.49,-0.82,0.00,-45.00,
37.70,43.706629,10.475676,50.13,22.80,32.96,1.49,-0.82,0.00,-45.00,
37.80,43.706629,10.475676,50.11,22.80,32.96,1.49,-0.82,0.00,-45.00,
37.90,43.706629,10.475676,50.08,22.80,32.95,1.48,-0.82,0.00,-45.00,
38.00,43.706629,10.475676,50.04,22.80,32.95,1.48,-0.81,0.00,-45.00,
38.10,43.706629,10.475676,50.02,22.80,32.95,1.48,-0.81,0.00,-45.00,
38.20,43.706629,10.475676,50.04,22.80,32.94,1.47,-0.81,0.00,-45.00,
38.30,43.706629,10.475676,50.09,22.80,32.94,1.47,-0.80,0.00,-45.00,
38.40,43.706629,10.475676,50.13,22.81,32.94,1.47,-0.80,0.00,-45.00,
38.50,43.706629,10.475676,50.15,22.81,32.93,1.47,-0.80,0.00,-45.00,
38.60,43.706629,10.475676,50.15,22.81,32.93,1.46,-0.79,0.00,-45.00,
38.70,43.706629,10.475676,50.15,22.81,32.93,1.46,-0.79,0.00,-45.00,
38.80,43.706629,10.475676,50.17,22.81,32.92,1.46,-0.79,0.00,-45.00,
38.90,43.706629,10.475676,50.18,22.81,32.92,1.45,-0.79,0.00,-45.00,
39.00,43.706629,10.475676,50.21,22.81,32.92,1.45,-0.79,0.00,-45.00,
39.00,43.706629,10.475676,50.21,22.81,32.92,1.45,-0.79,0.00,-45.00,
39.00,43.706629,10.475676,50.21,22.81,32.92,1.45,-0.79,0.00,-45.00,
39.20,43.706629,10.475675,50.22,22.81,32.91,1.44,-0.77,0.00,-45.00,
39.30,43.706629,10.475675,50.19,22.81,32.90,1.44,-0.77,0.00,-45.00,
39.50,43.706629,10.475675,50.18,22.81,32.89,1.43,-0.76,0.00,-45.00,
39.60,43.706629,10.475675,50.23,22.82,32.89,1.42,-0.76,0.00,-45.00,
39.70,43.706629,10.475675,50.27,22.82,32.88,1.42,-0.75,0.00,-45.00,
39.80,43.706629,10.475675,50.30,22.82,32.88,1.42,-0.75,0.00,-45.00,
39.90,43.706629,10.475675,50.29,22.82,32.88,1.41,-0.75,0.00,-45.00,
40.00,43.706629,10.475675,50.26,22.82,32.87,1.41,-0.75,0.00,-45.00,
40.10,43.706629,10.475675,50.27,22.82,32.87,1.41,-0.74,0.00,-45.00,
40.20,43.706629,10.475675,50.35,22.82,32.87,1.41,-0.74,0.00,-45.00,
40.30,43.706629,10.475675,50.47,22.82,32.86,1.40,-0.74,0.00,-45.00,
40.40,43.706629,10.475675,50.57,22.82,32.86,1.40,-0.73,0.00,-45.00,
40.50,43.706629,10.475675,50.58,22.82,32.86,1.39,-0.73,0.00,-45.00,
40.60,43.706629,10.475675,50.51,22.82,32.85,1.39,-0.73,0.00,-45.00,
40.70,43.706629,10.475675,50.43,22.82,32.85,1.39,-0.73,0.00,-45.00,
40.80,43.706629,10.475675,50.40,22.82,32.85,1.38,-0.72,0.00,-45.00,
40.90,43.706629,10.475675,50.48,22.83,32.84,1.38,-0.72,0.00,-45.00,
41.00,43.706629,10.475675,50.59,22.83,32.84,1.38,-0.71,0.00,-45.00,
41.10,43.706629,10.475674,50.69,22.83,32.83,1.37,-0.71,0.00,-45.00,
41.20,43.706629,10.475674,50.71,22.83,32.83,1.37,-0.70,0.00,-45.00,
41.30,43.706629,10.475674,50.63,22.83,32.82,1.36,-0.70,0.00,-45.00,
41.40,43.706629,10.475674,50.55,22.83,32.82,1.36,-0.70,0.00,-45.00,
41.50,43.706629,10.475674,50.49,22.83,32.82,1.36,-0.70,0.00,-45.00,
41.60,43.706629,10.475674,50.51,22.83,32.81,1.35,-0.70,0.00,-45.00,
41.70,43.706629,10.475674,50.60,22.83,32.81,1.35,-0.69,0.00,-45.00,
41.70,43.706629,10.475674,50.60,22.83,32.81,1.35,-0.69,0.00,-45.00,
41.70,43.706629,10.475674,50.60,22.83,32.81,1.35,-0.69,0.00,-45.00,
41.90,43.706629,10.475674,50.76,22.83,32.80,1.34,-0.68,0.00,-45.00,
42.00,43.706629,10.475674,50.75,22.83,32.80,1.34,-0.68,0.00,-45.00,
42.20,43.706629,10.475674,50.62,22.83,32.79,1.33,-0.68,0.00,-45.00,
42.30,43.706629,10.475674,50.55,22.83,32.78,1.33,-0.67,0.00,-45.00,
42.40,43.706629,10.475674,50.51,22.83,32.78,1.32,-0.67,0.00,-45.00,
42.50,43.706629,10.475674,50.52,22.83,32.77,1.32,-0.66,0.00,-45.00,
42.60,43.706629,10.475674,50.55,22.84,32.77,1.31,-0.66,0.00,-45.00,
42.70,43.706629,10.475674,50.56,22.84,32.76,1.31,-0.65,0.00,-45.00,
42.80,43.706629,10.475674,50.55,22.84,32.76,1.30,-0.65,0.00,-45.00,
42.90,43.706629,10.475673,50.50,22.84,32.75,1.30,-0.65,0.00,-45.00,
43.00,43.706629,10.475673,50.44,22.84,32.75,1.29,-0.64,0.00,-45.00,
43.10,43.706629,10.475673,50.39,22.84,32.74,1.29,-0.64,0.00,-45.00,
43.20,43.706629,10.475673,50.37,22.84,32.74,1.28,-0.64,0.00,-45.00,
43.30,43.706629,10.475673,50.34,22.84,32.74,1.28,-0.64,0.00,-45.00,
43.40,43.706629,10.475673,50.23,22.84,32.73,1.28,-0.63,0.00,-45.00,
43.50,43.706629,10.475673,49.99,22.84,32.73,1.27,-0.63,0.00,-45.00,
43.60,43.706629,10.475673,49.59,22.84,32.72,1.27,-0.62,0.00,-45.00,
43.70,43.706629,10.475673,49.02,22.84,32.72,1.26,-0.62,0.00,-45.00,
43.80,43.706629,10.475673,48.37,22.84,32.71,1.26,-0.62,0.00,-45.00,
43.90,43.706629,10.475673,47.67,22.84,32.71,1.26,-0.61,0.00,-45.00,
44.00,43.706629,10.475673,46.99,22.84,32.71,1.25,-0.61,0.00,-45.00,
44.10,43.706629,10.475673,46.29,22.85,32.70,1.25,-0.60,0.00,-45.00,
44.10,43.706629,10.475673,46.29,22.85,32.70,1.25,-0.60,0.00,-45.00,
44.10,43.706629,10.475673,46.29,22.85,32.70,1.25,-0.60,0.00,-45.00,
44.40,43.706629,10.475673,43.94,22.85,32.69,1.24,-0.60,0.00,-45.00,
44.50,43.706629,10.475673,43.13,22.84,32.68,1.23,-0.59,0.00,-45.00,
44.60,43.706629,10.475673,42.34,22.84,32.68,1.23,-0.59,0.00,-45.00,
44.70,43.706629,10.475673,41.56,22.84,32.67,1.22,-0.59,0.00,-45.00,
44.80,43.706629,10.475672,40.81,22.85,32.67,1.22,-0.58,0.00,-45.00,
44.90,43.706629,10.475672,40.05,22.85,32.66,1.21,-0.58,0.00,-45.00,
45.00,43.706629,10.475672,39.25,22.85,32.66,1.21,-0.57,0.00,-45.00,
45.10,43.706629,10.475672,38.45,22.85,32.65,1.20,-0.57,0.00,-45.00,
45.20,43.706629,10.475672,37.65,22.85,32.65,1.20,-0.56,0.00,-45.00,
45.30,43.706629,10.475672,36.87,22.85,32.64,1.19,-0.56,0.00,-45.00,
45.40,43.706629,10.475672,36.09,22.85,32.63,1.19,-0.55,0.00,-45.00,
45.50,43.706629,10.475672,35.28,22.85,32.63,1.18,-0.55,0.00,-45.00,
45.60,43.706629,10.475672,34.46,22.85,32.62,1.18,-0.55,0.00,-45.00,
45.70,43.706629,10.475672,33.62,22.85,32.62,1.17,-0.54,0.00,-45.00,
45.80,43.706629,10.475672,32.78,22.85,32.61,1.17,-0.54,0.00,-45.00,
45.90,43.706629,10.475672,31.97,22.85,32.61,1.16,-0.53,0.00,-45.00,
46.00,43.706629,10.475672,31.17,22.85,32.60,1.16,-0.53,0.00,-45.00,
46.10,43.706629,10.475672,30.37,22.85,32.59,1.15,-0.52,0.00,-45.00,
46.20,43.706629,10.475671,29.53,22.85,32.59,1.14,-0.52,0.00,-45.00,
46.20,43.706629,10.475671,29.53,22.85,32.59,1.14,-0.52,0.00,-45.00,
46.20,43.706629,10.475671,29.53,22.85,32.59,1.14,-0.52,0.00,-45.00,
46.50,43.706629,10.475671,26.89,22.85,32.57,1.13,-0.51,0.00,-45.00,
46.50,43.706629,10.475671,26.89,22.85,32.57,1.13,-0.51,0.00,-45.00,
46.70,43.706629,10.475671,25.16,22.86,32.56,1.12,-0.50,0.00,-45.00,
46.80,43.706629,10.475671,24.26,22.86,32.55,1.11,-0.49,0.00,-45.00,
46.90,43.706629,10.475671,23.31,22.86,32.55,1.11,-0.49,0.00,-45.00,
47.00,43.706629,10.475671,22.33,22.86,32.54,1.10,-0.48,0.00,-45.00,
47.10,43.706629,10.475671,21.32,22.86,32.53,1.09,-0.48,0.00,-45.00,
47.20,43.706629,10.475671,20.31,22.86,32.53,1.09,-0.47,0.00,-45.00,
47.30,43.706629,10.475671,19.29,22.86,32.52,1.08,-0.47,0.00,-45.00,
47.40,43.706629,10.475671,18.29,22.86,32.51,1.08,-0.46,0.00,-45.00,
47.50,43.706629,10.475670,17.28,22.86,32.51,1.07,-0.45,0.00,-45.00,
47.60,43.706629,10.475670,16.26,22.86,32.50,1.06,-0.45,0.00,-45.00,
47.70,43.706629,10.475670,15.26,22.86,32.49,1.06,-0.45,0.00,-45.00,
47.80,43.706629,10.475670,14.26,22.86,32.49,1.05,-0.44,0.00,-45.00,
47.90,43.706629,10.475670,13.24,22.86,32.49,1.05,-0.44,0.00,-45.00,
48.00,43.706629,10.475670,12.25,22.87,32.48,1.05,-0.43,0.00,-45.00,
48.10,43.706629,10.475670,11.25,22.87,32.47,1.04,-0.43,0.00,-45.00,
48.20,43.706629,10.475670,10.27,22.87,32.47,1.03,-0.42,0.00,-45.00,
48.30,43.706629,10.475670,9.30,22.87,32.46,1.03,-0.42,0.00,-45.00,
48.40,43.706629,10.475670,8.32,22.87,32.45,1.02,-0.41,0.00,-45.00,
48.50,43.706629,10.475670,7.35,22.87,32.45,1.02,-0.41,0.00,-45.00,
48.60,43.706629,10.475670,6.40,22.87,32.44,1.01,-0.40,0.00,-45.00,
48.60,43.706629,10.475670,6.40,22.87,32.44,1.01,-0.40,0.00,-45.00,
48.60,43.706629,10.475670,6.40,22.87,32.44,1.01,-0.40,0.00,-45.00,
48.80,43.706629,10.475669,4.46,22.88,32.43,1.00,-0.39,0.00,0.00,
49.00,43.706629,10.475669,2.54,22.88,32.41,1.67,-0.38,0.00,-45.00,
49.10,43.706629,10.475669,1.60,22.88,32.41,1.66,-0.37,0.00,-45.00,
49.10,43.706629,10.475669,1.60,22.88,32.41,1.66,-0.37,0.00,-45.00,
49.10,43.706629,10.475669,1.60,22.88,32.41,1.66,-0.37,0.00,-45.00,
49.10,43.706629,10.475669,1.60,22.88,32.41,1.66,-0.37,0.00,-45.00,
49.40,43.706630,10.475669,-1.29,22.88,32.39,1.65,-0.36,0.00,-45.00,
49.60,43.706630,10.475669,-3.21,22.89,32.38,1.64,-0.35,0.00,-45.00,
49.70,43.706630,10.475669,-4.18,22.89,32.37,1.64,-0.34,0.00,-45.00,
49.80,43.706630,10.475669,-5.11,22.89,32.37,1.63,-0.34,0.00,-45.00,
49.90,43.706630,10.475669,-6.04,22.89,32.36,1.63,-0.33,0.00,-45.00,
50.00,43.706630,10.475669,-6.99,22.89,32.36,1.62,-0.33,0.00,-45.00,
50.10,43.706630,10.475668,-7.92,22.89,32.35,1.62,-0.32,0.00,-45.00,
50.20,43.706630,10.475668,-8.84,22.89,32.34,1.61,-0.32,0.00,-45.00,
50.30,43.706630,10.475668,-9.80,22.89,32.34,1.61,-0.31,0.00,-45.00,
50.40,43.706630,10.475668,-10.75,22.90,32.33,1.60,-0.31,0.00,-45.00,
50.50,43.706630,10.475668,-11.74,22.90,32.33,1.60,-0.30,0.00,-45.00,
50.60,43.706630,10.475668,-12.68,22.90,32.32,1.60,-0.30,0.00,-45.00,
50.70,43.706630,10.475668,-13.60,22.90,32.31,1.59,-0.29,0.00,-45.00,
50.80,43.706630,10.475668,-14.56,22.90,32.31,1.59,-0.29,0.00,-45.00,
50.90,43.706630,10.475668,-15.49,22.90,32.30,1.58,-0.28,0.00,-45.00,
51.00,43.706630,10.475668,-16.48,22.90,32.30,1.58,-0.28,0.00,-45.00,
51.10,43.706630,10.475668,-17.44,22.90,32.29,1.58,-0.28,0.00,-45.00,
51.20,43.706630,10.475668,-18.39,22.90,32.29,1.57,-0.27,0.00,-45.00,
51.30,43.706630,10.475668,-19.35,22.90,32.28,1.57,-0.27,0.00,-45.00,
51.40,43.706630,10.475668,-20.27,22.91,32.28,1.57,-0.26,0.00,-45.00,
51.50,43.706630,10.475668,-21.20,22.91,32.27,1.56,-0.26,0.00,-45.00,
51.60,43.706630,10.475667,-22.16,22.91,32.27,1.56,-0.26,0.00,-45.00,
51.70,43.706630,10.475667,-23.11,22.91,32.26,1.55,-0.25,0.00,-45.00,
51.80,43.706630,10.475667,-24.11,22.91,32.26,1.55,-0.25,0.00,-45.00,
51.80,43.706630,10.475667,-24.11,22.91,32.26,1.55,-0.25,0.00,-45.00,
52.00,43.706630,10.475667,-26.04,22.91,32.25,1.54,-0.24,0.00,-45.00,
52.10,43.706630,10.475667,-27.03,22.91,32.24,1.54,-0.24,0.00,-45.00,
52.20,43.706630,10.475667,-27.96,22.91,32.23,1.53,-0.23,0.00,-45.00,
52.30,43.706630,10.475667,-28.87,22.91,32.23,1.53,-0.23,0.00,-45.00,
52.40,43.706630,10.475667,-29.82,22.91,32.22,1.52,-0.22,0.00,-45.00,
52.50,43.706630,10.475667,-30.73,22.91,32.22,1.52,-0.22,0.00,-45.00,
52.60,43.706630,10.475667,-31.71,22.91,32.21,1.52,-0.22,0.00,-45.00,
52.70,43.706630,10.475667,-32.66,22.91,32.21,1.51,-0.21,0.00,-45.00,
52.80,43.706630,10.475667,-33.61,22.91,32.21,1.51,-0.21,0.00,-45.00,
52.90,43.706630,10.475667,-34.58,22.91,32.20,1.51,-0.21,0.00,-45.00,
53.00,43.706630,10.475667,-35.49,22.91,32.20,1.50,-0.20,0.00,-45.00,
53.10,43.706630,10.475667,-36.41,22.91,32.19,1.50,-0.20,0.00,-45.00,
53.20,43.706630,10.475666,-37.38,22.91,32.19,1.49,-0.20,0.00,-45.00,
53.30,43.706630,10.475666,-38.32,22.91,32.18,1.49,-0.19,0.00,-45.00,
53.40,43.706630,10.475666,-39.31,22.91,32.18,1.49,-0.19,0.00,-45.00,
53.50,43.706630,10.475666,-40.27,22.91,32.17,1.48,-0.19,0.00,-45.00,
53.60,43.706630,10.475666,-41.19,22.91,32.17,1.48,-0.18,0.00,-45.00,
53.60,43.706630,10.475666,-41.19,22.91,32.17,1.48,-0.18,0.00,-45.00,
53.60,43.706630,10.475666,-41.19,22.91,32.17,1.48,-0.18,0.00,-45.00,
53.90,43.706630,10.475666,-43.96,22.91,32.15,1.47,-0.17,0.00,-45.00,
54.00,43.706630,10.475666,-44.87,22.91,32.15,1.47,-0.17,0.00,-45.00,
54.10,43.706630,10.475666,-45.78,22.91,32.15,1.47,-0.16,0.00,-45.00,
54.20,43.706630,10.475666,-46.74,22.91,32.14,1.46,-0.16,0.00,-45.00,
54.30,43.706630,10.475666,-47.67,22.92,32.14,1.46,-0.16,0.00,-45.00,
54.40,43.706630,10.475666,-48.60,22.92,32.13,1.46,-0.15,0.00,-45.00,
54.50,43.706630,10.475666,-49.57,22.92,32.13,1.45,-0.15,0.00,-45.00,
54.60,43.706630,10.475666,-50.50,22.92,32.12,1.45,-0.15,0.00,-45.00,
54.70,43.706630,10.475666,-51.45,22.92,32.12,1.45,-0.14,0.00,-45.00,
54.80,43.706630,10.475666,-52.37,22.92,32.11,1.44,-0.14,0.00,-45.00,
54.90,43.706630,10.475666,-53.28,22.92,32.11,1.44,-0.14,0.00,-45.00,
55.00,43.706630,10.475665,-54.22,22.92,32.11,1.44,-0.13,0.00,-45.00,
55.10,43.706630,10.475665,-55.14,22.92,32.10,1.43,-0.13,0.00,-45.00,
55.10,43.706630,10.475665,-55.14,22.92,32.10,1.43,-0.13,0.00,-45.00,
55.10,43.706630,10.475665,-55.14,22.92,32.10,1.43,-0.13,0.00,-45.00,
55.40,43.706630,10.475665,-58.00,22.92,32.09,1.43,-0.12,0.00,-45.00,
55.40,43.706630,10.475665,-58.00,22.92,32.09,1.43,-0.12,0.00,-45.00,
55.40,43.706630,10.475665,-58.00,22.92,32.09,1.43,-0.12,0.00,-45.00,
55.40,43.706630,10.475665,-58.00,22.92,32.09,1.43,-0.12,0.00,-45.00,
55.70,43.706630,10.475665,-60.74,22.92,32.08,1.42,-0.11,0.00,-45.00,
55.90,43.706630,10.475665,-62.55,22.92,32.07,1.42,-0.10,0.00,-45.00,
56.00,43.706630,10.475665,-63.50,22.93,32.07,1.41,-0.10,0.00,-45.00,
56.10,43.706630,10.475665,-64.50,22.93,32.07,1.41,-0.10,0.00,-45.00,
56.20,43.706630,10.475665,-65.45,22.93,32.06,1.41,-0.10,0.00,-45.00,
56.30,43.706630,10.475665,-66.40,22.92,32.06,1.41,-0.10,0.00,-45.00,
56.40,43.706630,10.475665,-67.29,22.92,32.06,1.40,-0.09,0.00,-45.00,
56.50,43.706630,10.475665,-68.19,22.92,32.05,1.40,-0.09,0.00,-45.00,
56.60,43.706630,10.475665,-69.15,22.92,32.05,1.40,-0.09,0.00,-45.00,
56.70,43.706630,10.475665,-70.09,22.92,32.05,1.40,-0.09,0.00,-45.00,
56.80,43.706630,10.475665,-71.03,22.92,32.05,1.39,-0.09,0.00,-45.00,
56.90,43.706630,10.475665,-71.97,22.92,32.04,1.39,-0.08,0.00,-45.00,
57.00,43.706630,10.475665,-72.85,22.92,32.04,1.39,-0.08,0.00,-45.00,
57.00,43.706630,10.475665,-72.85,22.92,32.04,1.39,-0.08,0.00,-45.00,
57.00,43.706630,10.475665,-72.85,22.92,32.04,1.39,-0.08,0.00,-45.00,
57.30,43.706630,10.475665,-75.64,22.92,32.03,1.38,-0.08,0.00,-45.00,
57.40,43.706630,10.475664,-76.65,22.92,32.03,1.38,-0.07,0.00,-45.00,
57.50,43.706630,10.475664,-77.64,22.93,32.02,1.38,-0.07,0.00,-45.00,
57.60,43.706630,10.475664,-78.61,22.93,32.02,1.38,-0.07,0.00,-45.00,
57.70,43.706630,10.475664,-79.53,22.93,32.02,1.38,-0.07,0.00,-45.00,
57.70,43.706630,10.475664,-79.53,22.93,32.02,1.38,-0.07,0.00,-45.00,
57.70,43.706630,10.475664,-79.53,22.93,32.02,1.38,-0.07,0.00,-45.00,
57.70,43.706630,10.475664,-79.53,22.93,32.02,1.38,-0.07,0.00,-45.00,
58.10,43.706630,10.475664,-83.27,22.93,32.01,1.37,-0.06,0.00,-45.00,
58.20,43.706630,10.475664,-84.25,22.93,32.01,1.37,-0.06,0.00,-45.00,
58.30,43.706630,10.475664,-85.17,22.93,32.00,1.37,-0.05,0.00,-45.00,
58.40,43.706630,10.475664,-86.07,22.93,32.00,1.37,-0.05,0.00,-45.00,
58.50,43.706630,10.475664,-86.92,22.93,32.00,1.37,-0.05,0.00,-45.00,
58.60,43.706630,10.475664,-87.78,22.93,32.00,1.37,-0.05,0.00,-45.00,
58.70,43.706630,10.475664,-88.69,22.93,32.00,1.36,-0.04,0.00,-45.00,
58.80,43.706630,10.475664,-89.64,22.93,31.99,1.36,-0.04,0.00,-44.45,
58.90,43.706630,10.475664,-90.61,22.93,31.99,1.36,-0.04,0.00,-43.54,
59.00,43.706630,10.475664,-91.58,22.93,31.99,1.36,-0.04,0.00,-42.59,
59.10,43.706630,10.475664,-92.53,22.93,31.99,1.36,-0.04,0.00,-41.67,
59.20,43.706630,10.475664,-93.47,22.93,31.98,1.36,-0.04,0.00,-40.76,
59.30,43.706630,10.475664,-94.39,22.94,31.98,1.36,-0.03,0.00,-39.87,
59.40,43.706630,10.475664,-95.31,22.94,31.98,1.36,-0.03,0.00,-39.00,
59.50,43.706630,10.475664,-96.25,22.94,31.98,1.35,-0.03,0.00,-38.12,
59.60,43.706630,10.475664,-97.18,22.94,31.98,1.35,-0.03,0.01,-37.24,
59.70,43.706630,10.475664,-98.12,22.94,31.97,1.35,-0.02,0.01,-36.35,
59.80,43.706630,10.475664,-99.07,22.94,31.97,1.35,-0.02,0.01,-35.46,
59.90,43.706630,10.475664,-100.01,22.94,31.97,1.35,-0.02,0.01,-34.59,
60.00,43.706630,10.475664,-100.94,22.94,31.96,1.35,-0.02,0.01,-33.72,
60.10,43.706630,10.475664,-101.89,22.94,31.96,1.35,-0.01,0.01,-32.84,
60.20,43.706630,10.475664,-102.85,22.94,31.96,1.35,-0.01,0.02,-31.94,
60.30,43.706630,10.475664,-103.83,22.95,31.96,1.34,-0.01,0.02,-31.02,
60.40,43.706630,10.475664,-104.82,22.95,31.95,1.34,-0.00,0.02,-30.09,
60.50,43.706630,10.475664,-105.78,22.95,31.95,1.34,-0.00,0.02,-29.19,
60.60,43.706630,10.475664,-106.73,22.95,31.95,1.34,0.00,0.03,-28.29,
60.70,43.706630,10.475663,-107.67,22.95,31.95,1.34,0.00,0.03,-27.43,
60.80,43.706630,10.475663,-108.60,22.95,31.94,1.34,0.01,0.03,-26.56,
60.90,43.706630,10.475663,-109.53,22.95,31.94,1.34,0.01,0.04,-25.70,
61.00,43.706630,10.475663,-110.45,22.96,31.94,1.34,0.01,0.04,-24.84,
61.10,43.706630,10.475663,-111.38,22.96,31.93,1.34,0.02,0.04,-23.96,
61.20,43.706630,10.475663,-112.31,22.96,31.93,1.33,0.02,0.05,-23.07,
61.30,43.706630,10.475663,-113.26,22.96,31.93,1.33,0.02,0.05,-22.17,
61.40,43.706630,10.475663,-114.21,22.96,31.93,1.33,0.02,0.06,-21.28,
61.50,43.706630,10.475663,-115.15,22.96,31.92,1.33,0.03,0.06,-20.40,
61.60,43.706630,10.475663,-116.10,22.96,31.92,1.33,0.03,0.06,-19.52,
61.70,43.706630,10.475663,-117.04,22.96,31.92,1.33,0.03,0.07,-18.63,
61.80,43.706630,10.475663,-117.99,22.96,31.91,1.33,0.03,0.07,-17.73,
61.90,43.706630,10.475663,-118.96,22.96,31.91,1.32,0.04,0.08,-16.82,
62.00,43.706630,10.475663,-119.96,22.96,31.91,1.32,0.04,0.08,-15.90,
62.10,43.706630,10.475663,-120.97,22.96,31.90,1.32,0.04,0.09,-14.95,
62.20,43.706630,10.475663,-121.99,22.97,31.90,1.32,0.04,0.09,-14.00,
62.30,43.706630,10.475663,-123.00,22.97,31.90,1.32,0.05,0.10,-13.07,
62.40,43.706630,10.475663,-123.99,22.97,31.90,1.32,0.05,0.11,-12.15,
62.50,43.706630,10.475663,-124.98,22.97,31.89,1.32,0.05,0.11,-11.23,
62.60,43.706630,10.475663,-125.99,22.97,31.89,1.32,0.06,0.12,-10.30,
62.60,43.706630,10.475663,-125.99,22.97,31.89,1.32,0.06,0.12,-10.30,
62.60,43.706630,10.475663,-125.99,22.97,31.89,1.32,0.06,0.12,-10.30,
62.90,43.706630,10.475663,-128.96,22.97,31.88,1.31,0.07,0.14,-7.49,
63.00,43.706630,10.475663,-129.91,22.97,31.87,1.31,0.07,0.15,-6.61,
63.10,43.706630,10.475663,-130.84,22.97,31.87,1.30,0.07,0.15,-5.73,
63.20,43.706630,10.475662,-131.77,22.97,31.87,1.30,0.07,0.16,-4.87,
63.30,43.706630,10.475662,-132.71,22.97,31.86,1.30,0.08,0.17,-3.99,
63.30,43.706630,10.475662,-132.71,22.97,31.86,1.30,0.08,0.17,-3.99,
63.30,43.706630,10.475662,-132.71,22.97,31.86,1.30,0.08,0.17,-3.99,
63.60,43.706630,10.475662,-135.55,22.97,31.85,1.29,0.08,0.19,-1.36,
63.70,43.706630,10.475662,-136.46,22.97,31.84,1.28,0.09,0.19,-0.52,
63.80,43.706630,10.475662,-137.33,22.97,31.84,1.28,0.09,0.19,0.25,
63.90,43.706630,10.475662,-138.13,22.97,31.83,1.27,0.10,0.19,0.95,
64.00,43.706630,10.475662,-138.83,22.97,31.82,1.27,0.10,0.19,1.57,
64.10,43.706630,10.475662,-139.44,22.96,31.82,1.27,0.10,0.18,2.12,
64.20,43.706630,10.475662,-139.95,22.96,31.81,1.26,0.10,0.18,2.57,
64.30,43.706630,10.475662,-140.34,22.96,31.81,1.26,0.11,0.17,2.91,
64.30,43.706630,10.475662,-140.34,22.96,31.81,1.26,0.11,0.17,2.91,
64.30,43.706630,10.475662,-140.34,22.96,31.81,1.26,0.11,0.17,2.91,
64.60,43.706630,10.475662,-140.97,22.95,31.79,1.24,0.11,0.17,3.38,
64.70,43.706630,10.475662,-141.03,22.95,31.79,1.23,0.12,0.17,3.36,
64.80,43.706630,10.475661,-141.03,22.95,31.78,1.23,0.12,0.17,3.27,
65.00,43.706630,10.475661,-140.95,22.95,31.77,1.22,0.12,0.17,3.10,
65.00,43.706630,10.475661,-140.95,22.94,31.76,1.21,0.13,0.17,2.98,
65.10,43.706630,10.475661,-140.91,22.94,31.75,1.20,0.13,0.18,2.82,
65.20,43.706630,10.475661,-140.89,22.94,31.74,1.20,0.14,0.18,2.68,
65.30,43.706630,10.475661,-140.89,22.93,31.73,1.19,0.14,0.18,2.55,
65.40,43.706630,10.475661,-140.93,22.93,31.72,1.18,0.15,0.18,2.46,
65.50,43.706630,10.475661,-141.00,22.93,31.71,1.17,0.15,0.18,2.41,
65.60,43.706630,10.475660,-141.10,22.92,31.70,1.16,0.16,0.18,2.38,
65.70,43.706630,10.475660,-141.24,22.92,31.69,1.15,0.16,0.18,2.41,
65.80,43.706630,10.475660,-141.44,22.92,31.69,1.14,0.16,0.18,2.51,
66.00,43.706630,10.475660,-141.98,22.91,31.67,1.13,0.17,0.18,2.80,
66.00,43.706630,10.475660,-141.98,22.91,31.67,1.13,0.17,0.18,2.80,
66.10,43.706630,10.475660,-142.25,22.91,31.66,1.12,0.18,0.17,2.93,
66.20,43.706630,10.475660,-142.49,22.90,31.65,1.11,0.18,0.17,3.04,
66.30,43.706630,10.475660,-142.69,22.90,31.64,1.10,0.18,0.17,3.11,
66.40,43.706630,10.475660,-142.86,22.89,31.63,1.09,0.19,0.17,3.17,
66.50,43.706630,10.475659,-143.03,22.89,31.62,1.08,0.19,0.17,3.22,
66.60,43.706630,10.475659,-143.23,22.88,31.61,1.07,0.20,0.17,3.30,
66.70,43.706629,10.475659,-143.44,22.88,31.60,1.06,0.20,0.17,3.38,
66.80,43.706629,10.475659,-143.63,22.87,31.58,1.05,0.20,0.17,3.42,
66.90,43.706629,10.475659,-143.77,22.87,31.57,1.04,0.21,0.17,3.40,
66.90,43.706629,10.475659,-143.77,22.87,31.57,1.04,0.21,0.17,3.40,
66.90,43.706629,10.475659,-143.77,22.87,31.57,1.04,0.21,0.17,3.40,
67.10,43.706629,10.475659,-143.89,22.86,31.55,1.02,0.22,0.17,3.27,
67.30,43.706629,10.475658,-144.06,22.84,31.53,1.00,0.22,0.00,0.00,
67.40,43.706629,10.475658,-144.18,22.84,31.52,1.68,0.23,0.16,4.68,
67.60,43.706629,10.475658,-144.35,22.83,31.51,1.67,0.23,0.16,4.68,
67.60,43.706629,10.475658,-144.35,22.83,31.49,1.66,0.23,0.16,4.63,
67.70,43.706629,10.475658,-144.35,22.82,31.48,1.65,0.24,0.16,4.51,
67.80,43.706629,10.475658,-144.32,22.81,31.47,1.63,0.24,0.16,4.37,
67.90,43.706629,10.475657,-144.28,22.81,31.46,1.62,0.25,0.16,4.22,
67.90,43.706629,10.475657,-144.28,22.81,31.46,1.62,0.25,0.16,4.22,
67.90,43.706629,10.475657,-144.28,22.81,31.46,1.62,0.25,0.16,4.22,
68.20,43.706629,10.475657,-144.21,22.79,31.42,1.58,0.26,0.17,3.84,
68.30,43.706629,10.475657,-144.22,22.78,31.41,1.57,0.26,0.17,3.73,
68.40,43.706629,10.475657,-144.20,22.77,31.40,1.56,0.27,0.17,3.58,
68.60,43.706628,10.475656,-144.04,22.76,31.37,1.53,0.28,0.16,3.17,
68.60,43.706628,10.475656,-144.04,22.76,31.37,1.53,0.28,0.16,3.17,
68.60,43.706628,10.475656,-144.04,22.76,31.37,1.53,0.28,0.16,3.17,
68.60,43.706628,10.475656,-144.04,22.76,31.37,1.53,0.28,0.16,3.17,
68.60,43.706628,10.475656,-144.04,22.76,31.37,1.53,0.28,0.16,3.17,
69.00,43.706628,10.475656,-144.00,22.73,31.32,1.48,0.29,0.16,2.64,
69.10,43.706628,10.475655,-144.00,22.72,31.30,1.46,0.30,0.16,2.49,
69.30,43.706628,10.475655,-143.90,22.71,31.28,1.43,0.31,0.16,2.12,
69.30,43.706628,10.475655,-143.90,22.71,31.28,1.43,0.31,0.16,2.12,
69.50,43.706628,10.475655,-143.98,22.69,31.25,1.41,0.31,0.16,1.95,
69.50,43.706628,10.475655,-143.98,22.69,31.25,1.41,0.31,0.16,1.95,
69.70,43.706628,10.475654,-144.18,22.68,31.22,1.38,0.32,0.16,1.87,
69.70,43.706628,10.475654,-144.18,22.68,31.22,1.38,0.32,0.16,1.87,
69.90,43.706628,10.475654,-144.19,22.66,31.20,1.35,0.33,0.16,1.58,
70.00,43.706627,10.475654,-144.16,22.65,31.18,1.34,0.33,0.16,1.41,
70.00,43.706627,10.475654,-144.16,22.65,31.18,1.34,0.33,0.16,1.41,
70.10,43.706627,10.475654,-144.17,22.65,31.17,1.33,0.34,0.16,1.28,
70.20,43.706627,10.475654,-144.17,22.64,31.16,1.32,0.34,0.16,1.14,
70.30,43.706627,10.475654,-144.17,22.63,31.14,1.30,0.35,0.16,0.99,
70.50,43.706627,10.475653,-144.11,22.62,31.12,1.28,0.35,0.16,0.62,
70.50,43.706627,10.475653,-144.11,22.62,31.12,1.28,0.35,0.16,0.62,
70.70,43.706627,10.475653,-144.00,22.60,31.09,1.25,0.36,0.15,0.20,
70.70,43.706627,10.475653,-144.00,22.60,31.09,1.25,0.36,0.15,0.20,
70.80,43.706627,10.475653,-143.96,22.59,31.08,1.24,0.36,0.15,0.01,
70.90,43.706627,10.475653,-143.93,22.58,31.06,1.22,0.37,0.15,-0.18,
71.10,43.706627,10.475652,-143.88,22.57,31.04,1.20,0.38,0.15,-0.58,
71.20,43.706627,10.475652,-143.85,22.57,31.04,1.20,0.38,0.15,-0.58,
71.30,43.706627,10.475652,-143.81,22.55,31.01,1.17,0.39,0.15,-1.01,
71.40,43.706626,10.475652,-143.78,22.55,31.00,1.16,0.39,0.15,-1.22,
71.40,43.706626,10.475652,-143.78,22.55,31.00,1.16,0.39,0.15,-1.22,
71.60,43.706626,10.475651,-143.79,22.53,30.97,1.13,0.40,0.15,-1.55,
71.60,43.706626,10.475651,-143.79,22.53,30.97,1.13,0.40,0.15,-1.55,
71.70,43.706626,10.475651,-143.80,22.52,30.96,1.12,0.40,0.15,-1.72,
71.80,43.706626,10.475651,-143.79,22.51,30.94,1.11,0.40,0.15,-1.91,
71.90,43.706626,10.475651,-143.76,22.51,30.93,1.09,0.41,0.15,-2.14,
72.00,43.706626,10.475651,-143.73,22.50,30.91,1.08,0.41,0.15,-2.38,
72.10,43.706626,10.475650,-143.70,22.49,30.90,1.07,0.42,0.15,-2.59,
72.20,43.706626,10.475650,-143.69,22.48,30.88,1.05,0.42,0.15,-2.82,
72.30,43.706626,10.475650,-143.67,22.47,30.87,1.04,0.42,0.15,-3.03,
72.40,43.706626,10.475650,-143.63,22.46,30.86,1.03,0.43,0.15,-3.27,
72.50,43.706626,10.475650,-143.60,22.46,30.84,1.02,0.43,0.15,-3.51,
72.60,43.706626,10.475650,-143.59,22.45,30.83,1.00,0.44,0.15,-3.72,
72.70,43.706626,10.475649,-143.60,22.44,30.82,0.99,0.44,0.00,0.00,
72.80,43.706625,10.475649,-143.63,22.43,30.80,1.64,0.44,0.15,-0.82,
72.90,43.706625,10.475649,-143.65,22.42,30.79,1.63,0.45,0.14,-0.95,
73.00,43.706625,10.475649,-143.63,22.41,30.77,1.61,0.45,0.14,-1.11,
73.10,43.706625,10.475649,-143.60,22.41,30.76,1.60,0.46,0.14,-1.28,
73.20,43.706625,10.475649,-143.58,22.40,30.75,1.58,0.46,0.14,-1.44,
73.30,43.706625,10.475648,-143.60,22.39,30.73,1.57,0.46,0.14,-1.55,
73.40,43.706625,10.475648,-143.67,22.38,30.72,1.56,0.47,0.14,-1.64,
73.50,43.706625,10.475648,-143.75,22.37,30.71,1.54,0.47,0.14,-1.74,
73.60,43.706625,10.475648,-143.81,22.36,30.69,1.53,0.48,0.14,-1.86,
73.70,43.706625,10.475648,-143.82,22.36,30.68,1.51,0.48,0.14,-2.03,
73.80,43.706625,10.475648,-143.79,22.35,30.66,1.50,0.48,0.14,-2.21,
73.90,43.706625,10.475647,-143.77,22.34,30.65,1.49,0.49,0.14,-2.38,
74.00,43.706625,10.475647,-143.79,22.33,30.63,1.47,0.49,0.14,-2.53,
74.10,43.706624,10.475647,-143.86,22.32,30.62,1.46,0.49,0.14,-2.63,
74.10,43.706624,10.475647,-143.86,22.32,30.62,1.46,0.49,0.14,-2.63,
74.10,43.706624,10.475647,-143.86,22.32,30.62,1.46,0.49,0.14,-2.63,
74.30,43.706624,10.475647,-143.98,22.30,30.59,1.43,0.50,0.14,-2.87,
74.50,43.706624,10.475646,-143.90,22.29,30.57,1.41,0.51,0.14,-3.28,
74.60,43.706624,10.475646,-143.82,22.28,30.55,1.39,0.51,0.14,-3.52,
74.70,43.706624,10.475646,-143.77,22.27,30.54,1.38,0.52,0.14,-3.73,
74.80,43.706624,10.475646,-143.77,22.26,30.53,1.37,0.52,0.14,-3.91,
74.90,43.706624,10.475646,-143.81,22.25,30.51,1.35,0.52,0.14,-4.05,
75.00,43.706624,10.475646,-143.83,22.25,30.50,1.34,0.53,0.14,-4.23,
75.10,43.706624,10.475645,-143.81,22.24,30.49,1.33,0.53,0.14,-4.45,
75.20,43.706624,10.475645,-143.77,22.23,30.47,1.32,0.54,0.13,-4.68,
75.30,43.706624,10.475645,-143.73,22.22,30.46,1.31,0.54,0.13,-4.91,
75.40,43.706623,10.475645,-143.73,22.21,30.45,1.29,0.54,0.13,-5.10,
75.50,43.706623,10.475645,-143.77,22.21,30.43,1.28,0.55,0.13,-5.26,
75.60,43.706623,10.475645,-143.81,22.20,30.42,1.27,0.55,0.13,-5.42,
75.70,43.706623,10.475644,-143.86,22.19,30.41,1.26,0.55,0.13,-5.58,
75.80,43.706623,10.475644,-143.88,22.18,30.39,1.24,0.56,0.13,-5.76,
75.80,43.706623,10.475644,-143.88,22.18,30.39,1.24,0.56,0.13,-5.76,
75.80,43.706623,10.475644,-143.88,22.18,30.39,1.24,0.56,0.13,-5.76,
76.10,43.706623,10.475644,-143.87,22.16,30.35,1.21,0.57,0.13,-6.43,
76.20,43.706623,10.475644,-143.85,22.15,30.34,1.20,0.57,0.13,-6.67,
76.20,43.706623,10.475644,-143.85,22.15,30.34,1.20,0.57,0.13,-6.67,
76.20,43.706623,10.475644,-143.85,22.15,30.34,1.20,0.57,0.13,-6.67,
76.20,43.706623,10.475644,-143.85,22.15,30.34,1.20,0.57,0.13,-6.67,
76.60,43.706623,10.475643,-143.80,22.12,30.29,1.15,0.59,0.13,-7.58,
76.70,43.706623,10.475643,-143.81,22.11,30.28,1.14,0.59,0.13,-7.80,
76.70,43.706623,10.475643,-143.81,22.11,30.28,1.14,0.59,0.13,-7.80,
76.70,43.706623,10.475643,-143.81,22.11,30.28,1.14,0.59,0.13,-7.80,
76.70,43.706623,10.475643,-143.81,22.11,30.28,1.14,0.59,0.13,-7.80,
76.70,43.706623,10.475643,-143.81,22.11,30.28,1.14,0.59,0.13,-7.80,
76.70,43.706623,10.475643,-143.81,22.11,30.28,1.14,0.59,0.13,-7.80,
77.20,43.706622,10.475642,-143.83,22.07,30.21,1.09,0.61,0.13,-9.01,
77.40,43.706622,10.475642,-143.83,22.05,30.18,1.06,0.61,0.12,-9.56,
77.50,43.706622,10.475641,-143.79,22.04,30.17,1.05,0.62,0.12,-9.86,
77.50,43.706622,10.475641,-143.79,22.04,30.17,1.05,0.62,0.12,-9.86,
77.50,43.706622,10.475641,-143.79,22.04,30.17,1.05,0.62,0.12,-9.86,
77.50,43.706622,10.475641,-143.79,22.04,30.17,1.05,0.62,0.12,-9.86,
77.50,43.706622,10.475641,-143.79,22.04,30.17,1.05,0.62,0.12,-9.86,
78.00,43.706622,10.475641,-143.58,22.00,30.10,1.00,0.63,0.11,-11.46,
78.10,43.706621,10.475640,-143.51,21.99,30.09,0.99,0.64,0.00,0.00,
78.20,43.706621,10.475640,-143.46,21.98,30.07,1.59,0.64,0.12,-6.47,
78.30,43.706621,10.475640,-143.50,21.97,30.06,1.57,0.65,0.12,-6.61,
78.40,43.706621,10.475640,-143.68,21.96,30.04,1.56,0.65,0.12,-6.63,
78.50,43.706621,10.475640,-143.98,21.95,30.03,1.55,0.65,0.12,-6.58,
78.60,43.706621,10.475639,-144.36,21.95,30.01,1.53,0.66,0.12,-6.44,
78.70,43.706621,10.475639,-144.79,21.94,30.00,1.52,0.66,0.12,-6.25,
78.80,43.706621,10.475639,-145.25,21.93,29.98,1.51,0.67,0.12,-6.00,
78.90,43.706621,10.475639,-145.77,21.92,29.97,1.49,0.67,0.12,-5.68,
79.00,43.706621,10.475639,-146.32,21.91,29.96,1.48,0.67,0.12,-5.33,
79.10,43.706621,10.475639,-146.90,21.90,29.94,1.47,0.68,0.12,-4.94,
79.20,43.706621,10.475638,-147.40,21.89,29.93,1.46,0.68,0.12,-4.63,
79.20,43.706621,10.475638,-147.40,21.89,29.93,1.46,0.68,0.12,-4.63,
79.20,43.706621,10.475638,-147.40,21.89,29.93,1.46,0.68,0.12,-4.63,
79.20,43.706621,10.475638,-147.40,21.89,29.93,1.46,0.68,0.12,-4.63,
79.60,43.706620,10.475638,-148.29,21.86,29.88,1.41,0.69,0.12,-4.44,
79.70,43.706620,10.475638,-148.36,21.85,29.87,1.40,0.69,0.12,-4.55,
79.80,43.706620,10.475638,-148.39,21.84,29.86,1.39,0.69,0.12,-4.74,
79.90,43.706620,10.475637,-148.38,21.83,29.84,1.37,0.70,0.12,-4.98,
80.00,43.706620,10.475637,-148.34,21.82,29.83,1.36,0.70,0.12,-5.24,
80.10,43.706620,10.475637,-148.29,21.82,29.82,1.35,0.70,0.12,-5.53,
80.20,43.706620,10.475637,-148.25,21.81,29.81,1.34,0.71,0.12,-5.80,
80.30,43.706620,10.475637,-148.22,21.80,29.79,1.33,0.71,0.12,-6.07,
80.30,43.706620,10.475637,-148.22,21.80,29.79,1.33,0.71,0.12,-6.07,
80.30,43.706620,10.475637,-148.22,21.80,29.79,1.33,0.71,0.12,-6.07,
80.30,43.706620,10.475637,-148.22,21.80,29.79,1.33,0.71,0.12,-6.07,
80.70,43.706619,10.475636,-148.25,21.76,29.74,1.29,0.72,0.12,-7.06,
80.80,43.706619,10.475636,-148.29,21.76,29.73,1.28,0.73,0.11,-7.27,
80.90,43.706619,10.475636,-148.33,21.75,29.71,1.27,0.73,0.11,-7.48,
81.00,43.706619,10.475636,-148.41,21.74,29.70,1.26,0.73,0.11,-7.65,
81.10,43.706619,10.475635,-148.50,21.73,29.69,1.25,0.74,0.11,-7.82,
81.20,43.706619,10.475635,-148.60,21.72,29.68,1.24,0.74,0.11,-7.98,
81.30,43.706619,10.475635,-148.69,21.72,29.66,1.23,0.74,0.11,-8.15,
81.30,43.706619,10.475635,-148.69,21.72,29.66,1.23,0.74,0.11,-8.15,
81.30,43.706619,10.475635,-148.69,21.72,29.66,1.23,0.74,0.11,-8.15,
81.60,43.706619,10.475635,-148.95,21.69,29.63,1.20,0.75,0.11,-8.69,
81.70,43.706619,10.475635,-149.05,21.68,29.61,1.19,0.75,0.11,-8.85,
81.80,43.706619,10.475634,-149.15,21.67,29.60,1.18,0.76,0.11,-9.02,
81.90,43.706619,10.475634,-149.22,21.67,29.59,1.17,0.76,0.11,-9.21,
82.00,43.706618,10.475634,-149.30,21.66,29.58,1.16,0.76,0.11,-9.40,
82.00,43.706618,10.475634,-149.30,21.66,29.58,1.16,0.76,0.11,-9.40,
82.00,43.706618,10.475634,-149.30,21.66,29.58,1.16,0.76,0.11,-9.40,
82.00,43.706618,10.475634,-149.30,21.66,29.58,1.16,0.76,0.11,-9.40,
82.40,43.706618,10.475634,-149.95,21.62,29.53,1.12,0.77,0.11,-9.87,
82.60,43.706618,10.475633,-150.79,21.60,29.50,1.10,0.78,0.11,-9.73,
82.60,43.706618,10.475633,-150.79,21.60,29.50,1.10,0.78,0.11,-9.73,
82.70,43.706618,10.475633,-151.32,21.59,29.49,1.09,0.78,0.11,-9.56,
82.90,43.706618,10.475633,-152.62,21.58,29.46,1.08,0.79,0.11,-8.89,
82.90,43.706618,10.475633,-152.62,21.58,29.46,1.08,0.79,0.11,-8.89,
83.00,43.706618,10.475633,-153.33,21.57,29.45,1.07,0.79,0.11,-8.49,
83.10,43.706618,10.475632,-154.04,21.56,29.44,1.06,0.79,0.11,-8.03,
83.20,43.706617,10.475632,-154.68,21.55,29.43,1.05,0.79,0.11,-7.46,
83.30,43.706617,10.475632,-155.17,21.54,29.42,1.04,0.79,0.11,-7.02,
83.30,43.706617,10.475632,-155.17,21.54,29.42,1.04,0.79,0.11,-7.02,
83.30,43.706617,10.475632,-155.17,21.54,29.42,1.04,0.79,0.11,-7.02,
83.30,43.706617,10.475632,-155.17,21.54,29.42,1.04,0.79,0.11,-7.02,
83.70,43.706617,10.475632,-156.61,21.50,29.37,1.01,0.80,0.11,-5.69,
83.70,43.706617,10.475632,-156.61,21.50,29.37,1.01,0.80,0.11,-5.69,
83.90,43.706617,10.475631,-157.53,21.48,29.35,0.99,0.80,0.00,0.00,
84.00,43.706617,10.475631,-158.07,21.47,29.34,1.51,0.80,0.11,2.28,
84.10,43.706617,10.475631,-158.65,21.46,29.33,1.50,0.80,0.11,2.67,
84.20,43.706617,10.475631,-159.27,21.45,29.31,1.48,0.80,0.11,3.11,
84.30,43.706616,10.475631,-159.93,21.44,29.30,1.47,0.80,0.11,3.60,
84.40,43.706616,10.475631,-160.65,21.43,29.29,1.46,0.80,0.11,4.18,
